-- phpMyAdmin SQL Dump
-- version 4.9.4
-- https://www.phpmyadmin.net/
--
-- Host: localhost:3306
-- Tempo de geração: 21-Mar-2021 às 16:50
-- Versão do servidor: 5.6.41-84.1
-- versão do PHP: 7.3.6

SET SQL_MODE = "NO_AUTO_VALUE_ON_ZERO";
SET AUTOCOMMIT = 0;
START TRANSACTION;
SET time_zone = "+00:00";


/*!40101 SET @OLD_CHARACTER_SET_CLIENT=@@CHARACTER_SET_CLIENT */;
/*!40101 SET @OLD_CHARACTER_SET_RESULTS=@@CHARACTER_SET_RESULTS */;
/*!40101 SET @OLD_COLLATION_CONNECTION=@@COLLATION_CONNECTION */;
/*!40101 SET NAMES utf8mb4 */;

--
-- Banco de dados: `kwebs732_db_2017`
--
CREATE DATABASE IF NOT EXISTS `kwebs732_db_2017` DEFAULT CHARACTER SET utf8 COLLATE utf8_unicode_ci;
USE `kwebs732_db_2017`;

-- --------------------------------------------------------

--
-- Estrutura da tabela `dias`
--

CREATE TABLE `dias` (
  `id` int(11) NOT NULL,
  `dia` date DEFAULT NULL,
  `cod_usuario_dia` int(11) DEFAULT NULL
) ENGINE=MyISAM DEFAULT CHARSET=latin1;

--
-- Extraindo dados da tabela `dias`
--

INSERT INTO `dias` (`id`, `dia`, `cod_usuario_dia`) VALUES
(7, '2018-07-30', 752),
(6, '2018-07-31', 752),
(5, '2018-07-27', 752),
(8, '2018-08-08', 753),
(9, '2018-08-12', 753),
(10, '2018-08-29', 752),
(11, '2018-08-29', 753),
(12, '2018-09-12', 752),
(13, '2018-09-10', 752),
(14, '2018-09-07', 752),
(15, '2018-09-18', 752),
(16, '2018-10-02', 752),
(17, '2018-10-04', 752),
(18, '2018-10-04', 753),
(19, '2018-10-04', 753),
(20, '2018-10-11', 752),
(21, '2018-10-14', 752),
(22, '2018-10-15', 753),
(23, '2018-10-16', 752),
(24, '2018-10-23', 752),
(25, '2018-10-23', 753),
(26, '2018-10-25', 752),
(27, '2018-10-30', 752),
(28, '2018-11-05', 753),
(29, '2018-11-17', 753),
(30, '2018-11-21', 753),
(31, '2018-12-10', 753),
(32, '2018-12-11', 753),
(33, '2018-12-15', 752),
(34, '2018-12-15', 753),
(35, '2018-12-17', 752),
(36, '2018-12-17', 753),
(37, '2018-12-23', 753),
(38, '2019-01-04', 752),
(39, '2019-01-06', 752),
(40, '2019-01-12', 753),
(41, '2019-01-12', 753),
(42, '2019-01-16', 752),
(43, '2019-02-14', 753),
(44, '2019-02-19', 753),
(45, '2019-02-19', 753),
(46, '2019-03-05', 752),
(47, '2019-03-10', 753),
(48, '2019-03-10', 753),
(49, '2019-03-31', 753),
(50, '2019-04-09', 753),
(51, '2019-12-12', 754),
(52, '2019-12-13', 754),
(53, '2019-12-16', 754),
(54, '2019-12-26', 754),
(55, '2020-01-27', 754),
(56, '2020-02-04', 754),
(57, '2020-02-05', 754),
(58, '2020-02-06', 754),
(59, '2020-02-08', 754),
(60, '2020-03-20', 754),
(61, '2020-03-21', 754),
(62, '2020-03-21', 754),
(63, '2020-06-30', 754),
(64, '2020-06-30', 754),
(65, '2020-07-01', 754);

-- --------------------------------------------------------

--
-- Estrutura da tabela `frases`
--

CREATE TABLE `frases` (
  `id` int(11) NOT NULL,
  `palavra_id` int(11) NOT NULL,
  `frase_palavra` varchar(500) DEFAULT NULL,
  `traducao_frase_palavra` varchar(500) DEFAULT NULL
) ENGINE=InnoDB DEFAULT CHARSET=latin1;

--
-- Extraindo dados da tabela `frases`
--

INSERT INTO `frases` (`id`, `palavra_id`, `frase_palavra`, `traducao_frase_palavra`) VALUES
(6, 10, 'I had a stomach ache', 'Eu tive uma dor de estômago'),
(7, 11, 'My belly is small (is por que está no singular)', 'Minha barriga é pequena'),
(8, 12, 'My feet are in the sneakers (are por que está no plural)', 'Meus pés estão no tênis'),
(9, 13, 'My right foot is broken', 'Meu pé direito está quebrado'),
(10, 14, 'I have hairs on my chest', 'Eu tenho pelos no meu peito'),
(11, 15, 'I\'m going to put a piercing on my back', 'Eu estou indo colocar um piercing nas minhas costas'),
(12, 16, 'My legs are turned (are por que está no plural)', 'Minhas pernas são torneadas'),
(13, 16, 'I got a tatoo on my right leg', 'Eu fiz um tatuagem na minha perna direita'),
(14, 16, 'My right leg is tatooed (is por que está no singular)', 'Minha perna direita está tatuada'),
(15, 17, 'I like your ears', 'Eu gosto das suas orelhas'),
(16, 17, 'My eras are hurt', 'Minhas orelhas estão machucadas'),
(17, 18, 'I need to CLEAN my belly button', 'Eu preciso LIMPAR meu umbigo'),
(18, 18, 'I need to WIPE my belly button', 'Eu preciso LIMPAR meu umbigo'),
(19, 19, 'Sorry. I can\'t go run with you tonight because my knee is hurt.', 'Desculpe. Eu não posso correr com você hoje a noite porque meu joelho está machucado.'),
(20, 20, 'Her shoulders are large', 'Os ombros dela são largos'),
(21, 21, 'My chin is bigger than my mouth', 'Meu queixo é maior do que a minha boca'),
(22, 22, 'I got a cut on my forehead', 'Eu tenho um corte na minha testa'),
(23, 23, 'I got a tatoo on the rib', 'Eu fiz uma tatuagem na costela'),
(24, 24, 'I need to shave my armpit', 'Eu preciso raspar minha axila'),
(25, 25, 'I borrowed the gun with the shooting club', 'Eu peguei a arma emprestada do clube de tiro'),
(26, 26, 'Do you need to learn math to make the Job?', 'Você precisa aprender matemática para fazer o trabalho?'),
(27, 27, 'I\'m already graduated', 'Eu já sou graduado'),
(28, 28, 'I need to practice english everyday. Listening and talking.', 'Eu preciso praticar ingles todos os dias. Escuta e conversação.'),
(29, 29, 'She has a handsome boyfriend.', 'Ela tem um namorado bonito.'),
(30, 30, 'She is good-looking', 'Ela é bonita'),
(31, 31, 'I don\'t think she washes her hair', 'Eu acho que ela não lava o cabelo'),
(32, 32, 'I have many plans', 'Eu tenho muitos planos'),
(33, 32, 'I had many doubts. But now I undertant everything.', 'Eu tive muitas dúvidas. Mas agora eu entendo tudo.'),
(34, 32, 'The city has many citizens', 'A cidade tem muitos cidadãos'),
(35, 33, 'The weather in Mexico is so hot!', 'O clima no México é tão quente\"'),
(36, 33, 'In the winter, weather is cold.', 'No inverno, o clima é frio.'),
(37, 34, 'My mother and her husband will travel to Ireland in September 2019', 'Minha mãe e seu marido vão viajar para Irlanda em setembro de 2019'),
(38, 34, 'Hotels in Ireland are expansive. So, airbnb can be the best option!', 'Hotéis na Irlanda são caros. Então, airbnb pode ser a melhor opção.'),
(39, 35, 'My daugther has twenty-six years old', 'Minha filha tem vinte e seis anos'),
(40, 36, 'In 2018 Brazil will have election to president. I don\'t know who to vote for.', 'Em 2018 o Brasil vai ter eleição para presidente. Eu não sei em quem votar.'),
(41, 37, 'I was researching about the corrupt policy from Brazil', 'Eu estava pesquisando sobre a politica corrupta do Brasil'),
(42, 38, 'The policy in Brazil is a shame', 'A política no Brasil é uma vergonha'),
(43, 39, 'How often do you see her?', 'Com que frequência você vê ela?'),
(44, 39, 'I see my daugther once a week', 'Eu vejo minha filha uma vez por semana'),
(45, 39, 'I see my daugther one time per week', 'Eu vejo minha filha uma vez por semana'),
(46, 40, 'I run once a day', 'Eu corro uma vez por dia'),
(47, 41, 'I was running home', 'Eu estava correndo para casa'),
(48, 42, 'They were in my house in the last night', 'Eles estavam na minha casa na noite passada'),
(49, 10, 'My stomach aches', 'Meu estômago dói'),
(50, 43, 'my room is very comfortable.', 'meu quarto é muito confortavel'),
(51, 43, 'my room is cozy', 'meu quarto é aconchegante.'),
(52, 44, 'my ring is in the drawer.', 'meu anel está na  gaveta. '),
(53, 44, 'my earing is inside the drawer.', 'meu brinco está dentro da gaveta. '),
(54, 46, 'i have afraid of airplane', 'eu tenho medo de avião'),
(55, 45, 'I need new clothes.', 'Eu preciso de novas roupas.'),
(56, 47, 'Did you understand the logic of the problem? Gotcha!', 'Você entendeu a lógica do problema? Saquei!'),
(57, 47, 'You tried to cheat but I gotcha!', 'Você tentou trapacear mas eu te peguei!'),
(58, 47, 'The milk almost spilled but I gotcha!', 'O leite quase derramou mas eu peguuei!'),
(59, 48, 'Excuse-me, what time is it?', 'Com licença, que horas são?'),
(60, 48, 'Please excuse my bad handwriting', 'Por favor desculpe minha caligrafia'),
(61, 49, 'Your handwriting is very good', 'Sua caligrafia é muito boa'),
(62, 50, 'Have a nice day', 'Tenha um dia agradável (tenha um bom dia)'),
(63, 50, 'You are allways a nice person', 'Você sempre é uma pessoa agradável'),
(64, 50, 'In Ireland we can find nice people', 'Na Irlanda nós podemos achar pessoas agradáveis'),
(65, 51, 'I\'m fine. Is that you?', 'Estou bem. E você?'),
(66, 52, 'The man got mad at thug', 'O homem ficou furioso com o bandido'),
(67, 53, 'Could it be at noon?', 'Pode ser ao meio- dia?'),
(68, 54, 'I gotta study english everyday (i got to study english everyday)', 'Eu tenho que estudar inglês todos os dias'),
(69, 55, 'I believe I can solve that', 'Eu creio que posso resolver isso'),
(70, 56, 'The proposal is worth it', 'A proposta vale a pena'),
(71, 56, 'That work is worth it', 'O trabalho vale a pena'),
(72, 57, 'How can I improve my English?', 'Como eu posso melhorar meu inglês?'),
(73, 58, 'The snow finally stopped', 'A neve finalmente cessou'),
(74, 59, 'The party will start at midnigh', 'A festa vai começar a meia noite'),
(75, 60, 'oh it is a beuatiful day, look this sunshine? what do you think?', 'oh  é um dia bonito, veja este sol! O que você acha?'),
(76, 61, 'rachel is falling drizzle out there take her coat.', 'Rachel esta caindo uma garoa la fora pegue seu casaco'),
(77, 62, 'it is raining hail in several cities today. look this news. ', 'Está chovendo granizo em várias cidades hoje. Veja esta notícia. '),
(78, 63, 'the dew this morning.', 'o orvalho da manhã.'),
(79, 64, 'the strong flood destroyed that village.', 'A forte enchente destruiu aquele vilarejo. '),
(80, 65, 'the northeast drougth is a big problem  in this country.', 'a seca do nordeste é um grande problema neste pais.'),
(81, 66, 'oh is a light breeze blowing  in my face.', 'oh é uma brisa suave soprando em meu rosto. '),
(82, 67, 'close the window please is blowind the wind.', 'feche a janela por favor está  ventando.'),
(83, 88, 'I\'m going to have a surgery on September 8, 2018', 'Eu tenho que fazer uma cirurgia em 8 de setembro de 2018'),
(84, 89, 'You are my endless mentor', 'Você é meu mentor eterno'),
(85, 89, 'You have a endless pride', 'Você tem um orgulho inacabável'),
(89, 90, 'I like to use garlic and pink salt from Himalaia in my seasoning', 'Eu gosto de usar alho e sal rosa do Himalaia no meu tempero'),
(90, 90, 'We need to buy garlic bread for barbecue this weekend', 'Nós precisamos comprar pão de alho para o churrasco deste fim de semana'),
(91, 92, 'what is in the sauce?', 'o que tem no molho?'),
(92, 92, 'this sauce is amazing!', 'este molho esta maravilhoso.'),
(93, 92, 'the sauce is too much fatty.', 'o molho esta muito gordo.'),
(94, 93, 'this sauce is to much dairy.', 'este molho tem muito laticinio.'),
(95, 94, 'I love seasoning from Minas Gerais', 'Eu amo o tempero de Minas Gerais'),
(96, 95, 'I am too late for the class', 'Eu estou muito atrasado para a aula'),
(97, 95, 'Mass started late', 'A missa começou atrasada'),
(98, 91, 'Are you going to the Klinger\'s barbecue on next Saturday?', 'Você vai ao churrasco do Klinger no próximo sábado?'),
(99, 91, 'I\'m going to Cris\'s barbecue on the next weekend', 'Eu vou ao churrasco da Cris no próximo fim de semana'),
(100, 96, 'I need to purchase a new bag to save my clothes', 'Eu preciso comprar uma nova bolsa para guardar minhas roupas'),
(101, 96, 'I need to buy a house to me', 'Eu preciso comprar uma casa para mim'),
(102, 97, 'Do you confirm this operation?', 'Você confirma esta operação?'),
(103, 97, 'Could you please confirm your age?', 'Poderia por favor confirmar a sua idade?'),
(104, 98, 'Maybe I should not be your friend', 'Talvez eu não deveria ser seu amigo'),
(105, 98, 'Should I take the next opportunity?', 'Devo aproveitar a próxima oportunidade?'),
(106, 99, 'My girlfriend went to make a makeup', 'Minha namorada foi fazer uma maquiagem'),
(107, 99, 'Her makeup is wonderful', 'A maquiagem dela ficou maravilhosa'),
(108, 100, 'Is necessary negotiate this conditions', 'É necessário negociar estas condições'),
(109, 100, 'I need to negotiate this price to can buy this house', 'Eu preciso negociar este preço para conseguir comprar esta casa'),
(110, 101, 'Tomorrow at 7 in the morning. Deal?', 'Amanhã as 07:00 da manhã. Cominado?'),
(111, 102, 'To your new job! Cheers!', 'Ao seu novo emprego. Saúde!!'),
(112, 103, 'Let\'s toast to life!', 'Vamos brindar a vida!'),
(113, 104, 'Don\'t let eggs fall', 'Não deixe os ovos caírem'),
(114, 105, 'Unfortunately the eggs fell on floor', 'Infelizmente os ovos caíram no chão'),
(115, 105, 'She fell down the stairway', 'Ela caiu da escada'),
(116, 106, 'I go to the church every sunday', 'Eu vou a igreja todos os domingos'),
(117, 107, 'Could you please bring me my passaport on Monday?', 'Você poderia trazer meu passaporte na segunda-feira?'),
(118, 108, 'I am going to the meet english group on Tuesday at 7 on the evening.', 'Eu vou ao encontro do grupo de inglês na terça-feira às 7 da noite.'),
(119, 109, 'We need go to the market on Wednesday.', 'Nós precisamos ir ao mercado na quarta-feira.'),
(120, 110, 'Your birthday is on the next Thursday?', ' Seu aniversário é na próxima quinta?'),
(121, 111, 'The lecture is on Friday at 8 in the morning', 'A palestra é na sexta as 8 da manhã'),
(122, 112, 'On Saturday I will need to call to my daugther at 4 in the afternoon', ' No sábado eu precisarei ligar para minha filha às 4 da tarde'),
(123, 113, 'She is my ex-wife. Our relationship is good', 'Ela é minha ex-esposa. Nosso relacionamento é bom'),
(124, 114, 'He is my old boss. And currently  we are good friends!', 'Ele é meu antigo patrão. E atualmente nós somos bons amigos!'),
(125, 116, 'Actually, I am studing English to a new job', 'Na realidade, eu estou estudando inglês para um novo emprego'),
(126, 117, 'Currently I live in Belo Horizonte city, neighborhood Cidade Nova', 'Atualmente eu moro na cidade de Belo Horizonte, bairro Cidade Nova'),
(127, 118, 'I must be entering a new job six months from now.', 'Eu devo estar entrando em um novo emprego daqui a seis meses.'),
(128, 118, 'They must be arriving at airport right now', 'Eles devem estar chegando no aeroporto agora'),
(129, 119, 'You need to take the elevator. Her office is on the 85th floor.', 'Você precisa pegar o elevador. O escritório dela é no 85º andar.'),
(130, 120, 'Their opinion is not important to me', 'A opinião deles não é importante para mim'),
(131, 122, 'We have infinite possibilities', 'Nós temos infinitas possibilidades'),
(132, 123, 'I have an eternal question. Why some people wants to elect Bolsonaro to president', ' Eu tenho uma pergunta eterna. Por que algumas pessoas querem eleger Bolsonaro para presidente'),
(133, 121, 'That information was relevant to project', 'Aquela informação foi relevante para o projet'),
(134, 124, 'We have affinity from the moment we met', 'Nós temos afinidade desde o momento em que nos conhecemos'),
(135, 125, 'She came to help us with this job', 'Ela veio nos ajudar com esse trabalho'),
(136, 126, 'Come with your brothers to my birthday party', 'Venha com seus irmãos para a minha festa de aniversário'),
(137, 126, 'Come together tonight', 'Venham juntos esta noite'),
(138, 127, 'Mary and her friend Cly had been a crash.', 'Mary e sua amiga Cly tiveram uma batida (de carro)'),
(139, 128, 'He spent most of his time in the coma', 'Ele passou a maior parte do seu tempo em coma'),
(140, 129, 'We might spent kept his car in the garage', 'Nos poderíamos ter mantido o carro dele na garagem'),
(141, 130, 'She spoke about her daughter three weeks ago', 'Ela falou sobre sua filha há três semanas atrás'),
(143, 131, 'When your flow is finished, run it to apply the operations to your entire data set', 'Quando seu fluxo terminar, execute para aplicar as operações ao seu conjunto de dados'),
(144, 131, 'We will flow on the language English', 'Nós fluiremos na língua inglesa'),
(145, 131, 'Just flow, and live the day', 'Apenas flua e viva o dia'),
(146, 132, 'You will learn to be a better man upon (ON) my best seller book', 'Você vai aprender a ser um homem melhor no meu livro best-seller'),
(147, 132, 'See and act upon data distributions in the profile', 'Veja e atue de acordo com as distribuições de dados no perfil'),
(148, 133, 'Even if you not come, I will get your gift', 'Mesmo que você não venha, eu vou comprar o seu presente'),
(149, 133, 'Even flow', 'Mesmo fluxo'),
(150, 134, 'I had purchased your birthday gift', 'Eu comprei o seu presente de aniversário'),
(151, 135, 'My cousin\'s marriage is on the next Sunday', 'O casamento do meu primo é no próximo domingo'),
(152, 136, 'Actualy, the new device provides a better experience', 'Na verdade, o novo dispositivo proporciona uma melhor experiência'),
(153, 137, 'My classmates and I usually go to a Stakehouse each friday after the class', ' Meus colegas de classe e eu geralmente vamos a uma churrascaria toda sexta-feira depois da aula'),
(154, 138, 'My boss\'s granddaughter is going to be born tonight', 'A neta do meu chefe vai nascer hoje a noite'),
(155, 139, 'I am the oldest grandson of my two grandmothers', 'Eu sou o neto mais velho das minhas duas avós'),
(156, 144, 'Charles and I are business partner', 'Charles e eu somos parceiros de negócios'),
(157, 144, 'She is my partner, Kate', 'Ela é minha companheira, Kate'),
(158, 145, 'Renato and I are job colleague', 'Renato e eu somos colegas de trabalho'),
(159, 146, 'He has trouble to understand math', 'Ele tem dificuldade para entender matemática'),
(160, 146, 'She has trouble to save money', 'Ela tem problemas para economizar dinheiro'),
(162, 140, 'The aunt\'s Marie is cute!', 'A tia da Marie é gata (atraente, fofa)'),
(163, 140, 'The aunt\'s Marie is cute!', 'A tia da Marie é gata (atraente, fofa)'),
(164, 142, 'Your niece has good looking', 'Sua sobrinha tem boa aparência'),
(165, 141, 'Fernanda are my first one niece. So, now finally I am uncle!', 'Fernanda é minha primeira sobrinha. Então, finalmente agora eu sou tio!'),
(166, 143, 'I am the oldest nephew of my family', 'Eu sou o sobrinho mais velho da minha família'),
(168, 151, 'They told me', 'Eles me disseram'),
(169, 151, 'I told them', 'E disse a eles'),
(171, 151, 'I tried sell to them', 'Eu tentei vender pra eles'),
(172, 151, 'Them and us', 'Eles e nós'),
(173, 151, 'Us and them', 'Nós e eles'),
(174, 150, 'I has the both skills to the job', 'Eu tenho as duas habilidades para o trabalho'),
(175, 153, 'breathe, breathe in the air!!!', 'respire, respire o ar!'),
(178, 154, 'I see a biggest wave.', 'eu vejo uma enorme onda.'),
(179, 155, 'our race towards award finished here.', 'nossa coorida para o premio terminou aqui.'),
(180, 157, 'My performance appraisals will be tomorrow', 'Minha avaliação de desempenho será amanhã'),
(181, 157, 'I appraised this situation. I believe that everything will be good!', 'Eu avaliei essa situação. Eu acredito que tudo vai ficar bem!'),
(182, 158, 'He is a good . Always very hardworking.', 'Ele é um bom funcionário. Sempre muito esforçado.'),
(183, 166, 'She needs to be less disorganized', 'Ela precisa ser menos desorganizada'),
(184, 166, 'She\'s so disorganized', 'Ela é muito desorganizada'),
(185, 167, 'He\'s too negative. He should be more positive.', 'Ele é muito negativo. Ele deveria ser mais positivo.'),
(186, 168, 'He\'s too slow to finish his work. He should be more efficient.', 'Ele é muito lento para concluir seu trabalho. Ele deveria ser mais eficiente.'),
(187, 171, 'Her project is late because she\'s too disorganized.', 'O projeto dela está atrasado por que ela é desorganizada de mais.'),
(188, 171, 'She\'s too negative. She thinks too much about problems.', 'Ela é negativa de mais. Ela pensa de mais nos problemas.'),
(189, 172, 'Carson is hardworking and efficient enough to be the new manager.', 'Carson é trabalhador e eficiente o bastante para ser o novo Gerente.'),
(190, 172, 'Sally\'s not efficient enough.', 'Sally não é eficiente o bastante.'),
(191, 173, 'Why don\'t customers like Natalie? It\'s because she\'s too negative.', 'Por que os clientes não gostam da Natalie? Por que ela é muito negativa.'),
(192, 176, 'She is a good employee. She is hardworkng and helpful.', 'Ela é uma boa funcionária. Ela é esforçada e prestativa.'),
(193, 177, 'While i was working my boyfriend was playing soccer.', 'Enquanto eu estava trabalhando meu namorado estava jogando futebol.'),
(194, 178, 'i got out with my coworkers', 'eu sai com meus colegas de trabalho'),
(195, 179, 'I saw the biggest wave in this morning.', 'eu vi uma grande onda.'),
(196, 180, 'Raissa is a person very balanced.', 'Raissa é uma pessoa muito equilibrada.'),
(197, 181, 'Please, leave me alone', 'por favor deixe me só.'),
(198, 181, 'Marina left the work 2 hours ago. ', 'Marina deixou o trabalho há duas horas.'),
(199, 181, 'Marcos leave to Africa today.', 'Marcos sai para a Africa hoje.'),
(200, 182, 'I breathed deep while he hugged me.', 'Eu respirei fundo enquanto ele me abraçou.'),
(201, 183, 'my best friend was fired from his job.', 'meu melhor amigo foi demitido do seu emprego.'),
(202, 184, 'oh Paul how are you? who is him?  Paul is my acquaintance.', 'Oh Paul como vai você? Quem é ele? Paul é meu conhecido.'),
(203, 185, 'my mother dropped down in the floor on the kitchen while we had a lunch, she was very embarrassed.', 'minha caiu no chão da cozinha  enquanto almoçavamos, ela ficou muito envergonhada.'),
(204, 186, 'the price in this restaurant is reasonable.', 'o preco neste restaurante é razoável.'),
(205, 187, 'This restaurant have wide variety.', 'este restaurante tem uma enorme variedade.'),
(206, 188, 'monica lives in the wid wood', 'monica vive em uma floresta selvagem'),
(207, 189, 'I got up at 7 on the morning', 'Eu levantei as 7 da manhã'),
(208, 190, 'I ate breakfast', 'Eu tomei café da manhã'),
(209, 190, 'I ate meat in the lunch', 'Eu comi carne no almoço'),
(210, 191, 'Dad made breakfast', 'Papai fez o café da manhã'),
(211, 192, 'Saturday I cleaned the flat', 'Sábado eu limpei o apartamento'),
(212, 193, 'I bought new clothes', 'Eu comprei roupas novas'),
(213, 194, 'I washed my clothes', 'Eu lavei minhas roupas'),
(214, 195, 'I believe in a think called love', 'Eu acredito em algo chamado amor'),
(215, 195, 'I called you in the morning', 'Eu liguei para você de manhã'),
(216, 198, 'They were happy in Paris', 'Eles estavam felizes em Paris'),
(217, 199, 'They did like London', 'Eles gostaram de Londres'),
(218, 207, 'It\'s good to learn early', 'É bom aprender cedo'),
(219, 209, 'i dont like fresh oysters.', 'eu não gosto de ostras frescas.'),
(220, 210, 'would you like apple sorbet?', 'Você gostaria de sorvete de maçã?'),
(221, 211, ' Have  you sirloin steak please?', 'voce tem contra file por favor?'),
(222, 212, 'I like this mother´s dressing.', 'Eu gosto do molho da minha mae.'),
(223, 213, 'I cooked wild salmon for dinner.', 'eu cozinhei salmão selvagem para o jantar'),
(224, 219, 'I need to graduate until 2019', 'Eu preciso me formar até 2019'),
(225, 226, 'Where did you grow up?', 'Onde você cresceu?'),
(226, 228, 'Thankyou about this interview. It\'s my pleasure.', 'Obrigado por esta entrevista. O prazer é meu.'),
(227, 229, 'She needs to move out. It\'s the time.', 'Ela precisa sair de casa. Está na hora.'),
(228, 230, 'I first travaled abroad in 2019', 'Eu viajei pela primeira vez para o exterior em 2019'),
(229, 233, 'Can you send me your resume?', 'Você pode me enviar seu currículo?'),
(230, 234, 'There are many candidates for this job.', 'Tem muitos candidatos para este trabalho.'),
(231, 235, 'I\'m very interested in the position.', 'Eu estou muito interessado na vaga.'),
(232, 236, ' I have an appointment to talk to the manager.', 'Eu tenho um compromisso a tratar com o gerente.'),
(233, 237, 'I have an interview on Monday', 'Eu tenho uma entrevista na segunda'),
(234, 238, 'My strengths are to be hard worker, helpful and very concentrated', 'Meus pontos fortes são ser trabalhador, prestativo e concentrado'),
(235, 239, 'My greatest weakness are to be anxious and perfectionist', 'Minhas maiores fraquezas são ser ansioso e perfeccionista'),
(236, 240, 'Tell me about your work background', 'Conte me sobre a sua experiência profissional'),
(237, 241, 'To be honest, the job isn\'t very challenging', 'Par ser honesto, o trabalho não é muito desafiador'),
(238, 242, 'woul you like steak how main course.', 'você gostaria de bife como prato principal?'),
(239, 243, 'the chicken is served with beans.', 'o frango é servido com feijão.'),
(240, 244, 'i want for main course chicken with peas.', 'eu quero para o prato principal frango com ervilhas.'),
(241, 245, 'i woud like  entree mashed potatoes and grilled fish.', 'eu gostaria do prato principal pure de batatas e peixe grelhado.'),
(242, 247, 'i want a chocolate sorbet for dessert.', 'eu quero um sorvete de chocolate para a sobremesa.'),
(243, 248, 'the sirloin steak come with rice and salad.', 'o bife de lombo vem com arroz e salada.'),
(244, 249, 'i love vanilla ice cream.', 'eu gosto de sorvete de baunilha.'),
(245, 253, 'the movies starts 8 o clock.', 'o filme começa às 8.'),
(246, 253, 'the bakery opens at 6 am.', 'a padaria abre às 6 da manha.'),
(247, 253, 'the play begins after lunch.', 'A peça começa depois do almoço.'),
(248, 252, 'the museum close at  5 pm.', 'o museu fecha às 5 da tarde.'),
(249, 252, 'the tickets is over.', 'os ingressos acabaram.'),
(250, 252, 'the lecture finish befor dinner.', 'a palestra termina antes do jantar'),
(251, 254, 'the ticktet  is sold out now.', 'o ingersso está esgotado.'),
(252, 255, 'did you book the hotel?', 'voce reservou o hotel?'),
(253, 256, 'sam is so lazy.', 'sam é tao preguiçoso.'),
(254, 257, 'lisa is so helpful.', 'lisa e tao util.'),
(255, 258, 'samuel is so creative.  look yours gorgeous paintings.', 'samuel e tao criativo. olhe suas lindas pinturas.'),
(256, 260, 'she is learn pretty quickly', 'ela aprende bem rápido.'),
(257, 261, 'i highly recommend Maria.', 'eu recomendo maria. '),
(258, 262, 'she leaving that soon?', 'ela esta indo tao breve?'),
(259, 263, ' Honestly, he is not so hardworking', 'honestamente, ele nao e tao trabalhador'),
(260, 260, 'she can learn pretty quickly', 'ela pode aprender muito rápido.'),
(261, 264, 'he is the new employee this Company,', 'ele é o novo funcionário desta empresa,  '),
(262, 265, 'brian shut the box', 'brian fechou a caixa.'),
(263, 267, 'oh, thats reminds me I didn\'t shut the window.', 'oh eu me lembrei que nao fechei a janela'),
(264, 268, 'So I said to my guests \"come in\" and have a seat.', 'Então eu disse aos meus convidados \"entrem e sentem-se\".'),
(265, 269, 'Klinger your flst is lovely!', 'Klinger, seu apartamento é adorável.'),
(266, 269, 'This place have a lot lovely dogs', 'Este lugar tem um monte de cachorros adoráveis'),
(267, 270, 'I arrived and then I greeted her with a mouth kiss', 'Eu cheguei e então cumprimentei ela com um beijo na boca'),
(268, 271, 'there is very steal in Belo horizonte ', 'Há muito roubo em Belo horizonte'),
(269, 272, 'the thief broke into the my friend\'s apartment', 'o ladrao invadiu o apartamento do meu amigo.'),
(270, 272, 'thief', 'ladrao'),
(271, 272, 'in this city there is a lot of thieves.', 'nesta cidade ha muito ladroes.'),
(272, 273, 'the thief murdered many innocent people.', 'o ladrao assinou muitas pessoas inocentes'),
(273, 274, 'the police arrested the thief in this morning', 'a policia prendeu oladrao nesta manha.'),
(274, 275, 'I am offering some drinks to your guests', 'Estou oferecendo algumas bebidas para seus convidados'),
(275, 275, 'We don\'t have anything to offer to them', 'Nós não temos nada para oferecer a eles'),
(276, 276, 'I was polite with him', 'Eu fui educado com ele'),
(277, 277, 'Did you get everything? No! I forgot my toothbrush.', 'Você pegou tudo? Não! Eu esqueci minha escova de dentes.'),
(278, 279, 'I just get a fired', 'eu acabei de ser demitido'),
(279, 280, 'bruna gots a driver\'s license.', 'Bruna tirou carteira.'),
(280, 284, 'The ear is always beside from head', 'A orelha está sempre ao lado da cabeça'),
(281, 285, 'The amazonian forest is awesome in anytime of year', 'A floresta amazônica é incrível em qualquer época do ano'),
(282, 286, 'I was felt heat in the desert. It was unsupportable.', 'Eu senti calor no deserto. Estava insuportável.'),
(283, 286, 'I was felt heat in the desert. It was unsupportable.', 'Eu senti calor no deserto. Estava insuportável.'),
(284, 287, 'I will move to the Malta coast in December 2019', 'Vou me mudar para a costa de Malta em dezembro de 2019'),
(285, 288, 'We swam in the Sucuri river the last vacation.', 'Nós nadamos no rio Sucurí nas últimas férias.'),
(286, 39, 'My daughter and me often talk by the whatsapp video', 'Minha filha e eu frequentemente conversamos pelo vídeo do whatsapp '),
(287, 304, 'I don\'t need  a visa to enter the Ireland', 'Eu não preciso de visto para entrar na Irlanda'),
(288, 305, 'I leave from international terminal', 'Eu saio do terminal internacional'),
(289, 306, 'I will need the blender to make the orange juice', 'Vou precisar do liquidificador para fazer o suco de laranja'),
(290, 307, 'Do you prefer a window seat or an aisle seat?', 'Você prefere um assento na janela ou um assento no corredor?'),
(291, 308, 'I got one bag to check and one to carry on', 'Eu tenho uma mala para despachar e uma para levar comigo'),
(292, 308, 'Carry on always', 'Continue sempre'),
(293, 309, 'Have you let your bags unattended?', 'Você deixou suas malas sozinhas?'),
(294, 311, 'Here is your baggage claim', 'Aqui está seu comprovante de bagagem'),
(295, 311, 'Did you bring the baggage claim?', 'Você trouxe o comprovante de bagagem?'),
(296, 313, 'There is three kind of shuttle between amsterdam and  the countries around', 'Há três tipos de transporte entre Amsterdam e os países ao redor'),
(297, 314, 'I have to walk to work', 'Eu tenho que andar para o trabalho'),
(298, 316, 'I will catch the bus in 5 minutes', 'Eu vou pegar o ônibus em 5 minutos'),
(299, 316, 'My flight leaves in one hour. I have to catch the expression train.', 'Meu voo sai em uma hora. Eu tenho que tomar o trem expresso.'),
(300, 316, 'I will catch the lemons.', 'Eu vou apanhar os limões.'),
(301, 317, 'The company gave me a rental car, so I didn\'t have to catch the shuttle.', 'A empresa me deu um carro alugado, então eu não tive que pegar o ônibus.'),
(302, 314, 'I have to go because it\'s late', 'Eu tenho que ir porque é tarde'),
(303, 314, 'Did you have to drive? Yes, she was sick.', 'Você teve que dirigir? Sim, ela estava doente.'),
(304, 318, 'We\'d like to know some museum. Do you have any recommendations?', 'Nós gostaríamos de conhecer algum museu. você tem alguma recomendação?'),
(305, 319, 'My wife needs a taxi. Please hurry!!!!', 'Minha esposa precisa de um táxi. Por favor, rápido!!!!'),
(306, 335, 'This was given to you. So, take careful.', 'Isso foi dado à você. Então, tome cuidado.'),
(307, 337, 'Have you ever lived in another country?', 'Você já viveu em outro país?'),
(308, 337, 'Have you ever seen the rain?', 'Você já viu a chuva?'),
(309, 339, 'How do I close the room living window?', 'Como eu faço para fechar a janela da sala?'),
(310, 339, 'How do I to turn off the alarm?', 'Como eu faço para desligar o alarme?'),
(311, 337, 'Have you ever been to London?', 'Você já esteve em Londres?'),
(312, 340, ' How do I get downtown?', 'Como eu chego no centro?'),
(313, 340, 'How do I get Atomium museum?', 'Como eu chego ao museu Atomium?'),
(314, 15, 'My back hurts', 'Minhas costas doem '),
(315, 342, 'There comes the humble guy', 'Lá vem o cara humilde'),
(316, 342, 'There\'s a nice place with humble people', 'Há um lugar legal com pessoas humildes'),
(317, 342, 'Being humble is a special quality', 'Ser humilde é uma qualidade especial'),
(318, 343, 'Being healthy is a good idea to anyone.', 'Ser saudável é uma boa ideia para qualquer um.'),
(319, 344, 'Being attentive is an important skill to be host', 'Ser atencioso é uma habilidade importante para ser anfitrião'),
(320, 345, 'I graduated high school from Maestro Villa Lobos school', 'Eu me formei no ensino médio na escola Maestro Villa Lobos'),
(321, 360, 'For sale', 'À venda'),
(322, 388, 'Dwelling in the past', 'living in the past'),
(323, 389, 'He’s such a lout.', 'He\'s such a rude person.'),
(324, 397, 'Because of the censors, audience dissatisfaction could be mentioned in only the most circumspect way.', 'You\'re nor circumspect or circuitous. - Outlander');

-- --------------------------------------------------------

--
-- Estrutura da tabela `palavras`
--

CREATE TABLE `palavras` (
  `id` int(11) NOT NULL,
  `dia_id` int(11) NOT NULL,
  `dsc_palavra` varchar(45) DEFAULT NULL,
  `traducao_palavra` varchar(45) DEFAULT NULL,
  `nota_observacao` varchar(500) DEFAULT NULL
) ENGINE=InnoDB DEFAULT CHARSET=latin1;

--
-- Extraindo dados da tabela `palavras`
--

INSERT INTO `palavras` (`id`, `dia_id`, `dsc_palavra`, `traducao_palavra`, `nota_observacao`) VALUES
(10, 5, 'Stomach', 'Estômago', ''),
(11, 5, 'Belly', 'Barriga', NULL),
(12, 5, 'Feet', 'Pés', NULL),
(13, 5, 'Pé', 'Foot', NULL),
(14, 5, 'Chest', 'Peito', NULL),
(15, 5, 'Back', 'Costas', NULL),
(16, 5, 'Leg/Legs', 'Perna/Pernas', NULL),
(17, 5, 'Ear', 'Orelha', NULL),
(18, 5, 'Belly Button', 'Umbigo', NULL),
(19, 5, 'Knee', 'Joelho', NULL),
(20, 5, 'Shoulder/Shoulders', 'Ombro/Ombros', NULL),
(21, 5, 'Chin', 'Queixo', NULL),
(22, 5, 'Forehead', 'Testa', NULL),
(23, 5, 'Rib', 'Costela', NULL),
(24, 5, 'Armpit', 'Axila', NULL),
(25, 7, 'Borrow', 'Pedir emprestado', NULL),
(26, 7, 'Math', 'Matemática', NULL),
(27, 7, 'Already', 'Já', NULL),
(28, 7, 'Practice', 'Praticar/Prática', NULL),
(29, 7, 'Handsome', 'Bonito (homem)', NULL),
(30, 7, 'Good-looking', 'Boa aparência/Bem aparentado(a)', NULL),
(31, 7, 'Wash (He/She = Washes)', 'Lavar', NULL),
(32, 7, 'Many', 'Muitos(as) (quantidade)', NULL),
(33, 7, 'Weather', 'Clima (temperatura)', NULL),
(34, 7, 'Ireland', 'Irlanda', NULL),
(35, 7, 'Twenty (Tuêny)', 'Vinte', NULL),
(36, 7, 'Election/Elections', 'Eleição/Eleições', NULL),
(37, 7, 'Research', 'Pesquisa/Pesquisar', NULL),
(38, 7, 'Policy', '(Política) Póléessii', NULL),
(39, 7, 'Often', 'Frequência / Frequentemente', ''),
(40, 7, 'Once', 'Uma vez', NULL),
(41, 6, 'Was', 'Estava', NULL),
(42, 6, 'Were (Wâââre)', 'Estavam', NULL),
(43, 8, 'room', 'quarto', NULL),
(44, 8, 'drawer', 'gaveta', NULL),
(45, 8, 'clothes', 'roupas', NULL),
(46, 8, 'airplane/plane', 'avião', NULL),
(47, 6, 'Gotcha', 'Saquei / Captei / Peguei / Flagrei', NULL),
(48, 6, 'Excuse', 'Com licença / desculpe', NULL),
(49, 6, 'Handwriting', 'Caligrafia', NULL),
(50, 6, 'Nice', 'Agradável', NULL),
(51, 6, 'Fine', 'Bem', NULL),
(52, 6, 'Mad', 'Furioso / Bravo / Louco', NULL),
(53, 6, 'Noon', 'Meio-dia', NULL),
(54, 6, 'Gotta', 'Got to (tenho que)', NULL),
(55, 6, 'Solve', 'Resolver', NULL),
(56, 6, 'Worth', 'Vale a pena', NULL),
(57, 6, 'Improve', 'Melhorar', NULL),
(58, 6, 'Snow/Snows', 'Neve/Neves', NULL),
(59, 6, 'Midnight', 'Meia noite', NULL),
(60, 8, 'sunshine', 'luz do sol, sol', NULL),
(61, 8, 'drizzle', 'chuvisco, garoa', NULL),
(62, 8, 'hail', 'granizo, chuva de pedra', NULL),
(63, 8, 'dew', 'orvalho', NULL),
(64, 8, 'flood', 'enchente', NULL),
(65, 8, 'drought', 'seca', NULL),
(66, 8, 'breeze', 'brisa', NULL),
(67, 8, 'wind', 'vento', NULL),
(68, 8, 'gust', 'rajada (vento)', NULL),
(69, 8, 'hurricane', 'furacão', NULL),
(70, 8, 'storm', 'tempestade', NULL),
(71, 8, 'earthquake', 'terremoto', NULL),
(72, 8, 'thunder', 'trovão', NULL),
(73, 8, 'lightning', 'raio, relâmpago', NULL),
(74, 8, 'damp', 'úmido', NULL),
(75, 8, 'grass', 'grama', NULL),
(76, 8, 'overcast', 'encoberto', NULL),
(77, 8, 'heat', 'calor', NULL),
(78, 8, 'heater', 'aquecedor', NULL),
(79, 8, 'to catch', 'pegar, apanhar', NULL),
(80, 8, 'to melt', 'derreter', NULL),
(81, 8, 'to drizzle', 'chuviscar, garoar', NULL),
(82, 8, 'to drizzle', 'chuviscar, garoar', NULL),
(83, 8, 'to drizzle', 'chuviscar, garoar', NULL),
(84, 8, 'to dry', 'secar', NULL),
(85, 8, 'to shine', 'brilhar, dar brilho, reluzir, lustar', NULL),
(86, 8, 'to hit', 'bater, atingir, acertar', NULL),
(87, 8, 'to blow', 'soprar', NULL),
(88, 10, 'Surgery', 'Cirurgia', NULL),
(89, 10, 'Endless', 'Sem fim / Infinito', NULL),
(90, 10, 'Garlic', 'Alho', NULL),
(91, 10, 'Barbecue', 'Churrasco', NULL),
(92, 11, 'sauce', 'molho', NULL),
(93, 11, 'dairy', 'laticinios', NULL),
(94, 10, 'Seasoning', 'Tempero', NULL),
(95, 10, 'Late', 'Atrasado', NULL),
(96, 10, 'Buy/Purchase', 'Comprar', NULL),
(97, 10, 'Confirm', 'Confirmar', NULL),
(98, 10, 'Should', 'Deveria', NULL),
(99, 10, 'Makeup', 'Maquiagem', NULL),
(100, 10, 'Negotiate', 'Negociar', NULL),
(101, 10, 'Deal', 'Combinado', NULL),
(102, 12, 'Cheers', 'Saúde (tim tim)', NULL),
(103, 12, 'Toast', 'Brindar', NULL),
(104, 12, 'Fall', 'Cair', NULL),
(105, 12, 'Fell', 'Caiu', NULL),
(106, 13, 'Sunday', 'Domingo', NULL),
(107, 13, 'Monday', 'Segunda-feira', NULL),
(108, 13, 'Tuesday', 'Terça-feira', NULL),
(109, 13, 'Wednesday', 'Quarta-feira', NULL),
(110, 13, 'Thursday', 'Quinta-feira', NULL),
(111, 13, 'Friday', 'Sexta-feira', NULL),
(112, 13, 'Saturday', 'Sábado', NULL),
(113, 13, 'Ex', 'Ex', NULL),
(114, 13, 'Old', 'Antigo / Ex / Anterior / Velho', NULL),
(116, 13, 'Actually', 'Na realidade', NULL),
(117, 13, 'Currently (Currntley)', 'Atualmente', NULL),
(118, 10, 'Must', 'Deve', NULL),
(119, 14, 'Elevator', 'Elevador', NULL),
(120, 14, 'Important', 'Importante', NULL),
(121, 14, 'Relevant', 'Relevante', NULL),
(122, 14, 'Infinite', 'Infinito', NULL),
(123, 14, 'Eternal (Iternal)', 'Eterno', NULL),
(124, 14, 'Affinity', 'Afinidade', NULL),
(125, 14, 'Came', 'Veio', NULL),
(126, 14, 'Come', 'Venha', NULL),
(127, 15, 'Crash', 'Batida', NULL),
(128, 15, 'Spent', 'Gastou / Passou', NULL),
(129, 15, 'Might', 'Poderia', NULL),
(130, 15, 'Spoke', 'Falou', NULL),
(131, 16, 'Flow', 'Fluxo / Fluir / Flua', NULL),
(132, 16, 'Upon', 'De acordo com / ou \"On\"', NULL),
(133, 16, 'Even', 'Mesmo / Ainda (mesmo que, ainda que)', NULL),
(134, 16, 'Gift', 'Presente', NULL),
(135, 16, 'Cousin', 'Primo / Prima', NULL),
(136, 16, 'Device', 'Dispositivo', NULL),
(137, 16, 'Classmates', 'Colegas de Classe', NULL),
(138, 16, 'Granddaughter', 'Neta', NULL),
(139, 16, 'Grandson', 'Neto', NULL),
(140, 16, 'Aunt', 'Tia', NULL),
(141, 16, 'Uncle', 'Tio', NULL),
(142, 16, 'Niece', 'Sobrinha', NULL),
(143, 16, 'Nephew (néfiw)', 'Sobrinho', NULL),
(144, 16, 'Partner', 'Parceiro / Companheiro', NULL),
(145, 16, 'Colleague', 'Colega', NULL),
(146, 16, 'Trouble', 'Problema / Dificuldade', NULL),
(150, 17, 'Both', 'Ambos', ''),
(151, 17, 'Them / They', 'Eles', 'They é o  sujeito/agente da ação (subject pronoun)<br>\r\nThem é o receptor da ação (object pronoun) - nunca executa ação!'),
(153, 18, 'breathe', 'respire', 'Breathe, breathe in the air!'),
(154, 19, 'wave ', 'onda', ''),
(155, 18, 'race', 'corrida', ''),
(156, 18, 'towards', 'em direçao', ''),
(157, 20, 'Appraisals (Apreizeus)', 'Avaliação', ''),
(158, 20, 'Hardworking', 'Trabalhador / Esforçado', ''),
(159, 20, 'Team', 'Equipe', ''),
(160, 20, 'Team Player', 'Membro da equipe', ''),
(161, 20, 'Lazy (lazyyy)', 'Preguiçoso', ''),
(162, 20, 'Late', 'Atrasado', ''),
(163, 20, 'Helpful', 'Prestativo / Útil', ''),
(164, 20, 'Meeting', 'Reunião', ''),
(165, 20, 'Getting Better', 'Melhorando', ''),
(166, 20, 'Disorganized', 'Desorganizado', ''),
(167, 20, 'Negative (négadiêve)', 'Negativo', ''),
(168, 20, 'Slow / Slowly', 'Lento / Lentamente', ''),
(169, 20, 'Have you seen', 'Você viu', ''),
(170, 20, 'Smile / Smiling', 'Sorrir / Sorrindo', ''),
(171, 20, 'Too', 'De mais', 'Demasiado, mais do que o necessário ou do que o desejado.'),
(172, 20, 'Enough', 'Suficiente / Bastante', 'quando algo é suficiente, o bastante ou satisfatório.'),
(173, 20, 'Customers', 'Clientes', ''),
(174, 20, 'So do I', 'Eu também', ''),
(175, 20, 'Neither do I', 'Nem eu', ''),
(176, 21, 'Employee', 'Empregado', ''),
(177, 22, 'while', 'enquanto', ''),
(178, 22, 'coworkers', 'colegas de trabalho', ''),
(179, 22, 'wave', 'onda', ''),
(180, 22, 'balanced', 'equilibrado.', ''),
(181, 22, ' to leave', 'deixar sair partir', 'Infinitive to leave\r\n\r\nPreterite left\r\n\r\nPast participle left'),
(182, 22, 'to breathe', 'respirar', 'Infinitive to breathe\r\n\r\nPreterite breathed\r\n\r\nPast participle breathed'),
(183, 22, 'fire', 'disparar; despedir; demitir', 'infinitive to fire\r\n\r\nPreterite fired\r\n\r\nPast participle fired'),
(184, 22, 'acquaintance', 'conhecido', ''),
(185, 22, 'embarrassed', 'envergonhado embaraçado.', 'pronuncia: emberest'),
(186, 22, 'reasonable', 'razoavel', ''),
(187, 22, 'wide', 'grande amplo vasto variada enorme', ''),
(188, 22, 'wild', 'selvagem', 'uaid'),
(189, 23, 'Got', 'Obtive / Obteve', 'Passado de \"GET\"'),
(190, 23, 'Ate', 'Comi / Comeu', 'Passado de \"EAT\"'),
(191, 23, 'Made', 'Fiz / Fez', 'Passado de \"Make\"'),
(192, 23, 'Cleaned', 'Limpei / Limpou', 'Passado de \"Clean\"'),
(193, 23, 'Bought', 'Comprei / Comprou', ''),
(194, 23, 'Washed', 'Lavei / Lavou', ''),
(195, 23, 'Called', 'Liguei / Ligou / Chamado', ''),
(196, 22, 'Drank (drenk)', 'Bebi (passado de \"Drink\")', ''),
(197, 23, 'Drank (drenk)', 'Bebi (passado de \"Drink\")', ''),
(198, 23, 'Were', 'Estavam (plural de \"was\")', 'No negativo, usa-se where not (WEREN\'T)'),
(199, 23, 'Did', 'Fez', 'Fez algo. O verbo principal continua na forma base.'),
(200, 23, 'The day before yesterday', 'Antes de ontem', ''),
(201, 23, 'Wedding', 'Casamento', ''),
(202, 23, 'Thief', 'Larão', ''),
(203, 23, 'Theft', 'Roubo', ''),
(204, 23, 'Break into', 'Invadir', 'Broke into (invadiu)'),
(205, 23, 'Steal / Stole', 'Roubar / Roubou', ''),
(206, 23, 'Upset', 'Chateado', ''),
(207, 24, 'Early', 'Cedo', ''),
(208, 24, 'Environment', 'Meio ambiente', 'Pode ser o meio ambiente familiar, meio ambiente escolar, meio ambiente planetário (natureza)'),
(209, 25, 'oysters', 'ostras', 'i dont like fresh oysters.'),
(210, 25, 'sorbet', 'sorvete', ''),
(211, 25, 'sirloin steak', 'contra file', 'file mignon'),
(212, 25, 'dressing', 'molho', ''),
(213, 25, 'wilde', 'selvagem', ''),
(214, 26, 'How are you doing?', 'Como vai?', ''),
(215, 26, 'By the way', 'A propósito', ''),
(216, 26, 'That reminds me', 'Isso me lembra', ''),
(217, 26, 'Anyway', 'De qualquer forma', ''),
(218, 26, 'Flew', 'Voou / Voamos', ''),
(219, 26, 'Graduate', 'Se formar', 'Graduate também pode ser usado como substantivo, indicando alguém que acabou de se formar na faculdade.\r\n<br><br>\r\n\"She graduates this year\"'),
(220, 26, 'Retire', 'Aposentar-se', ''),
(221, 26, 'Retirement', 'Aposentadoria', ''),
(222, 26, 'Marry', 'Casar-se', ''),
(223, 26, 'Marriage', 'Casamento', ''),
(224, 26, 'Get promoted', 'Ser promovido', ''),
(225, 26, 'Retired', 'Aposentado', ''),
(226, 26, 'Grow up / Grew up', 'Crescer / Cresceu', ''),
(227, 26, 'Career', 'Carreira', ''),
(228, 26, 'Pleasure', 'Prazer', ''),
(229, 26, 'Move out/Moved away', 'Sair de casa', ''),
(230, 26, 'Abroad', 'Exterior', ''),
(231, 26, 'Wedding', 'Casamento', ''),
(232, 26, 'Get', 'Obter', 'Get para eventos cotidianos<br><br>\r\n- get married - se casar<br>\r\n- get pregnent - ficar grávida<br>\r\n- get divorced - se divorciar<br>\r\n- get over a relationship - superar um relacionamento<br>\r\n- get a degree - conseguir um diploma<br>\r\n- get a jog - conseguir/arranjar um trabalho <br>\r\n- get promoted - ser promovido<br>\r\n- get old - ficar velho<br>\r\n- get driver\'s license - tirar carteira de motorista'),
(233, 27, 'Resume', 'Currículo', ''),
(234, 27, 'Candidates', 'Candidatos', ''),
(235, 27, 'Position', 'Posição (cargo)', ''),
(236, 27, 'Appointment', 'Compromisso', ''),
(237, 27, 'Interview', 'Entrevista', ''),
(238, 27, 'Strengths', 'Pontos fortes', ''),
(239, 27, 'Weakness', 'Pontos fracos', ''),
(240, 27, 'Background', 'De fundo / Experiência / Histórico', ''),
(241, 27, 'Challenging', 'Desafiador', ''),
(242, 28, ' main course', 'prato principal', ''),
(243, 28, 'served with', 'servido com', ''),
(244, 28, 'peas', 'ervilhas', 'pis'),
(245, 28, ' mashed potatoes', 'purê de batatas', 'MAchad'),
(246, 28, 'side dishes', 'pratos laterais', 'pratos adicionais.'),
(247, 28, 'sorbet', 'sorvete', ''),
(248, 28, 'sirloin', 'lombo', 'sirlainii'),
(249, 28, 'vanilla ', 'baunilha.', ''),
(250, 28, 'sausages', 'salsichas ', ''),
(251, 29, 'Definitely', 'Definitivamente ', 'A acentuação vai na \"de\"\r\nDEfinitely'),
(252, 30, 'close\\end\\be over\\finish', 'fechar\\ acabar\\terminar\\acabar', ''),
(253, 30, 'begin\\start\\open', 'começar\\começar\\abrir', ''),
(254, 30, 'sold out ', 'esgotada', 'sold out now\\ esgotada agora'),
(255, 30, 'book', 'reservar', ''),
(256, 31, 'lazy', 'preguiçoso', ''),
(257, 31, 'helpful', 'prestativo\\ util', ''),
(258, 31, ' paintings', 'pinturas', ''),
(259, 31, 'efficiently', 'eficientemente\\ de forma eficiente', ''),
(260, 31, 'learn pretty quickly', 'aprender rápido', ''),
(261, 31, 'highly', 'altamente.', ''),
(262, 31, 'soon ', 'breve', ''),
(263, 31, ' Honestly', 'honestamente', ''),
(264, 31, 'employee', 'empregado', ''),
(265, 32, 'shut', 'fechar', ''),
(266, 32, 'rise', 'subir', ''),
(267, 32, 'that reminds me', 'isto me lembra', ''),
(268, 33, 'Guest', 'Convidado', ''),
(269, 33, 'Lovely', 'Adorável', ''),
(270, 33, 'Greet', 'Cumprimentar', ''),
(271, 34, 'steal', 'roubo', 'stole: roubou'),
(272, 34, 'break into', 'invadir ', ''),
(273, 34, 'murder', 'assassinar', ''),
(274, 34, 'arrest', 'prender', ''),
(275, 33, 'Offer', 'Oferecer', ''),
(276, 33, 'Polite', 'Educado', ''),
(277, 35, 'Toothbrush', 'Escova de dentes', ''),
(278, 36, 'GROW UP', 'deixe de ser criança', ''),
(279, 36, 'GET FIRED', 'DEMITIDO', ''),
(280, 36, 'get  a driver`s license', ' tirar a carteira de motorista', ''),
(281, 36, 'get over a relationship', 'superar um relacionamento', ''),
(282, 36, 'get old', 'envellhecer', ''),
(283, 36, 'get a degree', 'obter um diploma', ''),
(284, 35, 'Beside', 'Ao lado', ''),
(285, 35, 'Forest', 'Floresta', ''),
(286, 35, 'Desert', 'Deserto', ''),
(287, 35, 'Coast', 'Costa', ''),
(288, 35, 'River', 'Rio', ''),
(289, 35, 'Mountains', 'Montanhas', ''),
(290, 5, 'Taste', 'Gosto', ''),
(292, 37, 'doubt', 'duvida', ''),
(293, 37, 'seeing someone off', 'vendo alguem fora ', ''),
(294, 37, 'farewells', 'despedias', ''),
(295, 37, 'to bid', 'licitar', ''),
(296, 37, 'attempt', 'tentativa', ''),
(297, 37, 'duty', 'dever', ''),
(298, 37, 'embassy', 'embaixada', ''),
(299, 37, 'hometown', 'cidade natal', ''),
(300, 37, 'purpose', 'prposito', ''),
(301, 37, 'to avoid', 'evitar', ''),
(302, 37, 'meal', 'refeicao', ''),
(303, 37, 'several', 'de varias', ''),
(304, 38, 'Visa', 'Visto', ''),
(305, 38, 'Leave', 'Deixar / Sair', ''),
(306, 39, 'Blender', 'Liquidificador', ''),
(307, 39, 'Aisle (áelll)', 'Corredor', 'Mais usado no avião\r\nPronuncia \"Áelll\"'),
(308, 39, 'Carry', 'Transportar', ''),
(309, 39, 'Unattended', 'Sozinho / Sem supervisão', ''),
(310, 39, 'Always (ooways)', 'Sempre', 'Pronúncia Ooways!!'),
(311, 39, 'Baggage claim', 'Comprovante de bagagem', ''),
(312, 41, 'spot on!', 'e isso memso', 'no ingles britanico: spot on!\r\nno ingles americano:That\'s exactly right!'),
(313, 39, 'Shuttle (shudow)', 'Transporte', 'Transport service\r\nA plane, bus or train that travels regularly between two places.\r\nA shuttle service between London and Edinburgh\r\n\r\nPronuncia: shudow'),
(314, 39, 'Have to', 'Tem que', 'Utilizado para necessidade ou obrigação\r\nI have to\r\nHe has to\r\nHe had to walk\r\nHe didn\'t have to\r\nHe doesn\'t have to walk'),
(316, 39, 'Catch', 'Pegar / Tomar / Capturar / Apanhar', ''),
(317, 39, 'Gave (passado de \"Give\")', 'Deu', ''),
(318, 39, 'Recommendations', 'Recomendações', ''),
(319, 39, 'Hurry', 'Pressa / Rápido!!!', ''),
(320, 41, 'scarf', 'cachecol', ''),
(321, 41, 'forest', 'floresta', ''),
(322, 41, 'hills', 'colinas', ''),
(323, 41, 'lake', 'lago', ''),
(324, 41, 'river', 'rio', ''),
(325, 41, 'coast', 'costa', ''),
(326, 41, 'valley', 'vale', ''),
(327, 41, 'windy', 'ventar- ventoso', ''),
(328, 41, 'fall', 'outono', 'spring- primavera\r\nwinter- inverno\r\nsummer- verão'),
(329, 41, 'foggy', 'nebuloso', ''),
(330, 41, 'waterfall', 'cascata', ''),
(331, 41, 'wilderness', 'regiao selvagem', ''),
(332, 41, 'glacier', 'geleira', ''),
(333, 41, 'warm', 'caloroso', ''),
(334, 41, 'hick', 'caipira', ''),
(335, 39, 'Given (particípio de \"Give\")', 'Dado', ''),
(336, 41, 'diving', 'mergulho', ''),
(337, 39, 'Have you ever', 'Você já .....?', 'Utilizado em perguntas'),
(339, 39, 'How do I', 'Como eu ..... ?', ''),
(340, 39, ' How do I get ......', 'Como eu chego .....', 'Utilizado para perguntar sobre destinos'),
(341, 5, 'Humble', 'Humilde', ''),
(342, 39, 'Humble', 'Humilde', ''),
(343, 39, 'Being (Beein)', 'Ser', 'Para expressar o ser algo.\r\nSEMPRE no começo da frase. No meio da frase usa-se o TO BE.\r\nExemplo:\r\nSer humilde = Being humble\r\nSer rico é bom = Being rich is good\r\nEu preciso ser saudável = I need to be healthy'),
(344, 39, 'Being humble is a special quality.', 'Ser humilde é uma qualidade especial.', ''),
(345, 42, 'High school', 'Ensino médio / Colegial', ''),
(346, 42, 'I learned a bit english in the high school', 'Eu aprendi um pouco de inglês no ensino médio', ''),
(347, 45, 'SOUNDTRACK', 'TRILHA SONORA', ''),
(348, 45, 'AWFUL', 'HORRIVEL', ''),
(349, 45, 'CHARACTERS', 'PERSONAGENS', ''),
(350, 45, 'PLOT', 'ROTEIRO', ''),
(351, 45, 'some of the best', 'alguns dos melhores', ''),
(352, 45, 'of all time', 'de todos os tempos', ''),
(353, 45, 'one of the saddest', 'um dos mais tristes', ''),
(354, 45, 'of all dramas', 'de todos os dramas', ''),
(355, 45, 'coolest', 'mais legal', ''),
(356, 45, 'dull', 'macante', ''),
(357, 45, 'all-time favorite', 'meu favorito', 'você pode usar a expressão all-time favorite para falar sobre o filme que mais gosta.\r\n\r\nMy all-time favorite movie is \'Casablanca.\'	'),
(358, 45, ' brilliant', 'brilhante', 'briliane'),
(359, 45, ' acting ', 'atuacao', ''),
(360, 46, 'Sale', 'Venda', ''),
(361, 46, 'Summarizing', 'Resumindo', ''),
(362, 47, 'four of us', 'nós 4', 'three of us\r\nfive of us\r\n\r\n'),
(363, 47, 'drop me off near', 'me deixe perto', 'drop me off the corner \r\ndrop me off de zoo\r\ndrop me off the yellow house'),
(364, 47, 'could you pull over there?', 'você poderia encostar ali?', ''),
(365, 47, 'how much is it?', 'quanto custa isto?', ''),
(366, 47, 'here you are', 'aqui esta', ''),
(367, 48, 'sandals', 'sandalias', ''),
(368, 48, 'necklace', 'colar', ''),
(369, 48, 'ring', 'anel', ''),
(370, 48, 'tie', 'gravata', ''),
(371, 48, 'old fashioned', 'antiquado', ''),
(372, 48, 'its really plain', 'e realmente simples', ''),
(373, 48, 'baggy jeans', 'jeans largos', ''),
(374, 48, 'heavy', 'pesado', ''),
(375, 48, 'loose fitting', 'encaixe solto', ''),
(376, 48, 'tight', 'justa', ''),
(377, 48, 'against', 'contra', 'not close against your body'),
(378, 49, 'as you know', 'como você sabe...', 'as you know i was fired.'),
(379, 49, 'spot the words', 'identificar as palavras', ''),
(380, 49, 'have a team building event', 'ter um evento do time', ''),
(381, 49, 'new hires', 'novas contrataçoes', ''),
(382, 49, 'give an update', 'dar uma atualizaçao', ''),
(383, 49, 'items', 'itens', ''),
(384, 50, 'blood pressure', 'pressao sanguinea', ''),
(385, 50, 'stomach flu', 'gripe estomacal', ''),
(386, 51, 'likelihood C2', 'probability', 'likelihood\r\nnoun [ U ]\r\nUK  /?la?.kli.h?d/ US  /?la?.kli.h?d/\r\n \r\nthe chance that something will happen:\r\nThis latest dispute greatly increases the likelihood of a strike.\r\n[ + that ] There is every likelihood that more jobs will be lost later this year.\r\nThere is little likelihood now that interest rates will come down further.'),
(387, 52, 'misapply (verb)', 'Misuse', 'misapplying\r\n\r\nIt will be impossible to recover all the misapplied charity money.\r\n\r\n /?m?s.??pla?/ US  /?m?s.??pla?/\r\n \r\nto use something badly, wrongly, or in a way that was not intended:\r\nIt will be impossible to recover all the misapplied charity money.\r\n\r\nSinônimo\r\nmisuse'),
(388, 53, 'dwelling (noun)', 'habitation (formal) / home', '/?dwel.??/ US  /?dwel.??/\r\na house or place to live in:\r\nThere is an estimated shortfall of some five million dwellings across the country.'),
(389, 53, 'lout - noun', 'Unpleasant men', ' /la?t/ US  /la?t/\r\n\r\na young man who behaves in a very rude, offensive, and sometimes violent way:\r\nTeenage louts roam the streets at night.\r\n\r\na rude, stupid, or awkward man:\r\nHe’s such a lout.\r\n\r\nloutish - adjective\r\nloutishness - noun'),
(390, 54, 'howsoever (adverb)', 'however', '/?ha?.s???ev.?r/ US  /?ha?.so??ev.?/\r\n\r\nformal for however'),
(391, 54, 'mildly (adverb)', 'slightly', '/?ma?ld.li/ US  /?ma?ld.li/\r\n \r\nslightly:\r\nI was mildly surprised to see him here.\r\n \r\nin a gentle way:\r\n\"I think you\'ve made a mistake,\" he said mildly.'),
(392, 54, 'idiosyncrasy (noun)', ' unusual habit', ' /??d.i.??s??.kr?.si/ US  /??d.i.??s??.kr?.si/\r\n \r\na strange or unusual habit, way of behaving, or feature that someone or something has:\r\n\r\nShe often cracks her knuckles when she\'s speaking - it\'s one of her little idiosyncrasies.\r\nOne of the idiosyncrasies of this printer is that you can\'t stop it once it has started.'),
(393, 54, 'looker (noun)', ' attractive ', ' /?l?k.?r/ US  /?l?k.?/\r\n \r\na physically attractive person, usually a woman:\r\nHave you seen Karl\'s new girlfriend? She\'s a real looker!'),
(394, 54, 'picky (adjective)', ' very careful about choosing', '/?p?k.i/ US  /?p?k.i/\r\n \r\nSomeone who is picky is very careful about choosing only what they like:\r\nThe children are such picky eaters.\r\nBig companies can afford to be picky about who they hire.'),
(395, 54, 'jaded (adjective)', 'use to smth ', '/?d?e?.d?d/ US  /?d?e?.d?d/\r\n \r\nnot having an interest or losing interest because you have experienced something too many times:\r\nFlying is exciting the first time you do it, but you soon become jaded.\r\nPerhaps some caviar can tempt your jaded palate.'),
(396, 54, 'bold (adjective)', 'BRAVE', 'UK  /b??ld/ US  /bo?ld/\r\n\r\nbold adjective (BRAVE)\r\n \r\nB2\r\nnot frightened of danger:\r\nShe was a bold and fearless climber.\r\nThe newspaper made the bold move/took the bold step of publishing the names of the men involved.'),
(397, 54, 'circuitous (adjective )  formal', 'attentive/ diligent', '/?s??.k?m.spekt/ US  /?s??.k?m.spekt/\r\n \r\ncareful not to take risks:\r\nOfficials were circumspect about saying what the talks had achieved.'),
(398, 54, 'circuitous (adjective)   formal', 'a circuitous (= long and indirect) explanatio', '/s???kju?.?.t?s/ US  /s???kju?.?.t??s/\r\n \r\nnot straight or direct:\r\na circuitous route/path\r\na circuitous (= long and indirect) explanation'),
(399, 55, 'layoff (noun)', 'le?.?f/', 'an occasion when a company stops employing someone, sometimes temporarily, because the company does not have enough money or enough work:\r\n\r\nThe recent economic crisis has led to massive layoffs.\r\n'),
(400, 55, 'Burdensome (adjective)', '/?b??.d?n.s?m/', 'causing difficulties or work:\r\na burdensome task'),
(401, 55, 'Gruelling (adjective)', '/??r??l??/', 'extremely tiring and difficult, and demanding great effort and determination:\r\nJunior doctors often have to work a gruelling 100-hour week.\r\n\r\nHe eventually won the match after five gruelling sets.'),
(402, 55, 'Flop (verb)', '/fl?p/', 'to fall or drop heavily:\r\nHugh\'s hair keeps flopping over/into his eyes.\r\n\r\nWhen she gets home from school, she\'s so tired all she can do is flop down in front of the television.'),
(403, 55, ' hunch  (noun )', '/h?n(t)?/', 'an idea that is based on feeling and for which there is no proof:\r\n[ + that ] I had a hunch that you\'d be here.\r\n\r\nSometimes you have to be prepared to act on/follow a hunch.'),
(404, 55, 'outburst (noun)', '/?a?t.b??st/', 'a sudden forceful expression of emotion, especially anger:\r\na violent outburst\r\n\r\nan outburst of creative activity\r\nHer comments provoked an outburst of anger from the boss.\r\n\r\nSinônimo\r\nflare-up'),
(405, 55, 'laden (adjective)', 'full - /?le?.d?n/', 'carrying or holding a lot of something:\r\nHe always comes back from France laden with presents for everyone.\r\nThe table, as always, was laden with food.'),
(406, 55, 'novelty (noun)', 'Tourists are still a novelty on this remote..', 'C2 [ U ]\r\nthe quality of being new and unusual:\r\nThe novelty of these toys soon wore off and the children became bored with them.\r\nIn Britain in the 1950s, television still had novelty value.\r\n\r\nTourists are still a novelty on this remote island.'),
(407, 55, 'chasm /?kaz(?)m/  (noun) ', 'big gap ', 'a very deep, narrow opening in rock, ice, or the ground:\r\nThey leaned over the rails and peered down into the dizzying chasm below.\r\n\r\na very large difference between two opinions or groups of people:\r\nThere is still a vast economic chasm between developed and developing countries\r\n\r\n\r\nThe last thing that we needed was to dig new chasms between different parts of our education system.'),
(408, 55, 'dexterity (noun) ', '/dek?ster.?.ti/ ability / skill destreza ', 'the ability to perform a difficult action quickly and skilfully with the hands:\r\nHe caught the ball with great dexterity.\r\n\r\nYoung children lack the dexterity to brush their teeth effectively.'),
(409, 55, 'laggard (noun)', 'someone or something that is very slow', 'someone or something that is very slow\r\n\r\na company, organization, etc. that does something later, or improves less quickly, than others:\r\nMexico, long a laggard in financial reform, is at last putting its banks in order.\r\n\r\nSteel companies are still considered laggards compared to high-tech manufacturers.'),
(410, 55, 'lag - lagged verb', ' /læ?/ (MOVE/REACT SLOWLY)', 'to move or make progress so slowly that you are behind other people or things:\r\nHe\'s lagging behind - I think we\'d better wait for him to catch us up.\r\nSales are lagging at the moment'),
(411, 55, 'even (sth) out — phrasal verb with even verb', '/?i?.v?n/', 'to become equal, or to make something equal:\r\nThe league is divided into two skill levels in order to even out the competition'),
(412, 55, 'evolved (adjective)', '/??v?lvd/', 'having developed through a gradual process:\r\nAre humans just an evolved animal?'),
(413, 55, 'ratio (noun)', 'proportion', 'the relationship between two groups or amounts that expresses how much bigger one is than the other:\r\nThe ratio of men to women at the conference was ten to one/10:1.\r\nThe school is trying to improve its pupil-teacher ratio (= the number of teachers compared with the number of students).\r\n\r\nRatio is also a relationship between two groups or amounts that expresses how much bigger one is than the other:\r\na low student-teacher ratio\r\nThe ratio of men to women at the conference was ten to one.'),
(414, 55, 'core (noun)', 'IMPORTANT PART /k??r/ ', '/k??r/ US  /k??r/\r\ncore noun (IMPORTANT PART)\r\n \r\nC2 [ S or U ]\r\nthe basic and most important part of something:\r\nThe lack of government funding is at the core of the problem.\r\n\r\n Mais exemplos\r\nThe radicals in the party were clearly sacked to propitiate the conservative core.\r\nHardline rightwingers form the core of the movement.\r\nThe core of our workforce comes from local families.'),
(415, 55, 'pace (noun)', '(SPEED)', 'B2 [ U ]\r\nthe speed at which someone or something moves, or with which something happens or changes:\r\na slow/fast pace\r\n\r\nWhen she thought she heard someone following her, she quickened her pace.\r\nCould you slow down - I can\'t keep pace with (= walk or run as fast as) you.\r\nFor many years this company has set the pace (= has been the most successful company) in the communications industry.'),
(416, 56, 'perceive (verb)', 'notice', 'to come to an opinion about something, or have a belief about something:\r\nHow do the French perceive the British?\r\nWomen\'s magazines are often perceived to be superficial.\r\n\r\n Mais exemplos\r\nAmerica is perceived of as being less class-conscious than Britain.\r\nHe perceives himself to be a failure, though nothing could be further from the truth.\r\n\r\nto see something or someone, or to notice something that is obvious:\r\nBill perceived a tiny figure in the distance.\r\nI perceived a note of unhappiness '),
(417, 56, 'effective (adjective)', 'successful or achieving the results that you ', 'successful or achieving the results that you want:\r\n\r\nIt\'s an extremely effective cure for a headache.\r\nThe lighting for the production made a very effective use of shadow.\r\nShe\'s a very effective teacher.\r\nOposto\r\nineffective'),
(418, 56, '-enhancing suffix', 'improving the quality', ' / -?n.h??n.s??/ US  / -?n.hæn.s??/\r\n \r\nimproving the quality, amount, or strength of something:\r\nPetting dogs promotes the production of mood-enhancing hormones.\r\nPlaying an instrument can be a life-enhancing skill.'),
(419, 57, 'immediacy ( noun )', ' involvement with something, sense of urgency', '/??mi?d??si/ \r\n\r\nthe fact that something seems real and important, so that you feel involved with it:\r\nPre-recorded TV programmes have so much less immediacy and warmth than live theatre.\r\n\r\n'),
(420, 57, 'roving adjective [ before noun ]', 'moving around', 'UK  /?r??.v??/ US  /?ro?.v??/\r\n\r\ntravelling from place to place:\r\nAnd now a live report from our roving reporter, Martin Jackson.\r\n\r\nrove\r\nverb [ I + adv/prep, T ]'),
(421, 57, 'medium /?mi?d??m/ noun', 'means/mode of expression', 'an agency or means of doing something.\r\n\"using the latest technology as a medium for job creation\"\r\nSinónimos:\r\nmeans of communication\r\nmeans/mode of expression\r\nmeans\r\nmethod\r\nway\r\nform\r\nagency\r\nchannel\r\nforum\r\navenue\r\napproach\r\nvehicle\r\nvoice\r\norgan\r\ninstrument\r\nimplement\r\nmechanism\r\napparatus\r\ninstrumentality\r\n2.\r\nthe intervening substance through which sensory impressions are conveyed or physical forces are transmitted.\r\n\"radio communication needs no physical medium between the two stations\"'),
(422, 57, 'refashion verb', 'refashion', 'refashioned; refashioning; refashions\r\n\r\n\r\n: REMAKE, ALTER\r\nSynonyms'),
(423, 57, 'predecessor noun', 'something that comes before', 'C2\r\n\r\n/?pri?.d??ses.?r/\r\nsomeone who had a job or a position before someone else, or something that comes before another thing in time or in a series:\r\nMy predecessor worked in this job for twelve years.\r\nThe latest Ferrari is not only faster than its predecessors but also more comfortable.'),
(424, 57, 'cyberspace noun ', ' internet  area without limits', '[ U ] UK  /?sa?.b?.spe?s/\r\n\r\nthe internet considered as an imaginary area without limits where you can meet people and discover information about any subject:\r\nYou can find the answer to almost any question in cyberspace.'),
(425, 57, 'embody verb', 'to include as part of something', ' /?m?b?d.i/ US  /?m?b??.di/\r\n \r\nC2\r\nto represent a quality or an idea exactly:\r\nShe embodied good sportsmanship on the playing field.'),
(426, 57, 'strive (verb)', 'try hard attempt endeavour', 'make great efforts to achieve or obtain something.\r\n\"national movements were striving for independence\"\r\nstruggle or fight vigorously.\r\n\"scholars must strive against bias\"'),
(427, 57, 'literacy noun ', ' /?l?t.?r.?.si/', 'C1\r\nthe ability to read and write:\r\nFar more resources are needed to improve adult literacy.\r\nThe country has a literacy rate of almost 98%.\r\n \r\nknowledge of a particular subject, or a particular type of knowledge:\r\nComputer literacy is becoming as essential as the ability to drive a car.'),
(428, 57, 'core /k??/ noun', 'central key', 'the tough central part of various fruits, containing the seeds.\r\n\"a pineapple core\"\r\n2.\r\nthe part of something that is central to its existence or character.'),
(429, 57, 'laissez-faire noun', 'unwillingness to get involved in or influence', '/?le?.se??fe?r/ US  /?le?.se??fer/\r\n \r\nunwillingness to get involved in or influence other people\'s activities:\r\nThe problems began long before he became CEO, but they worsened with his laissez-faire approach/attitude.'),
(430, 57, 'inequality (noun)', ' unfair situation', '/??n.??kw?l.?.ti/ US  /??n.??kw??.l?.t?i/\r\n \r\nC2\r\nthe unfair situation in society when some people have more opportunities, money, etc. than other people:\r\nThe law has done little to prevent racial discrimination and inequality.\r\nsexual inequality\r\nThere remain major inequalities of opportunity in the workplace.'),
(431, 57, 'meaningful adjective', 'useful, serious, or important:', 'intended to show meaning, often secretly:\r\na meaningful look\r\nHe raised one eyebrow in a meaningful way.\r\n\r\nShe seems to find it difficult to form meaningful relationships.\r\nHaving the opportunity to work would make retirement more meaningful for many senior citizens'),
(432, 57, 'cusp /k?sp/', 'the dividing line between two very different ', 'noun [ S ]\r\nUK  /k?sp/ US  /k?sp/\r\n \r\nthe dividing line between two very different things:\r\n\r\non the cusp of adulthood'),
(433, 58, 'sought verb', 'past simple and past participle of seek', 'UK  /s??t/ US  /s??t/'),
(434, 59, 'foster verb', '(TAKE CARE OF)/  (ENCOURAGE)', 'to take care of a child, usually for a limited time, without being the child\'s legal parent:\r\nWould you consider fostering (a child)?\r\n\r\nto encourage the development or growth of ideas or feelings:\r\nI\'m trying to foster an interest in classical music in my children.\r\nThey were discussing the best way to foster democracy and prosperity in the former communist countries.\r\n\r\nfoster\r\nadjective [ before noun ]\r\n\r\nused to refer to someone or something connected with the care of children, usually for a'),
(435, 59, 'assumption noun', 'something that you accept as true without que', 'a thing that is accepted as true or as certain to happen, without proof.\r\n\"they made certain assumptions about the market\"\r\n\r\nPeople tend to make assumptions about you when you have a disability.\r\nThese calculations are based on the assumption that prices will continue to rise.'),
(436, 59, 'prime verb', 'lay', ' /pra?m/ US  /pra?m/\r\n \r\nto tell someone something that will prepare them for a particular situation:\r\nI\'d been primed so I knew not to mention her son.\r\n \r\nto cover the surface of wood with a special paint before the main paint is put on\r\n \r\nto make a bomb or gun ready to explode or fire'),
(437, 59, 'interweave verb', 'to put together or combine two or more things', ' /??n.t??wi?v/ US  /??n.t???wi?v/\r\ninterwove | interwoven\r\n \r\nto twist together or combine two or more things so that they cannot be separated easily:\r\nShe has created an intriguing story by skilfully interweaving fictional and historical events.'),
(438, 60, 'invaluable adjective', '/?n?væl.j?.b?l/ extremely useful', '/?n?væl.j?.b?l/ US  /?n?væl.j?.b?l/\r\n \r\nC1\r\nextremely useful:\r\nThe new job will provide you with invaluable experience.\r\nSuch data will prove invaluable to/for researchers.\r\nSinônimo'),
(439, 60, 'retrieval noun ', 'process of finding and bringing back somethin', 'UK  /r??tri?.v?l/ US  /r??tri?.v?l/\r\n \r\nthe process of finding and bringing back something:\r\nthe storage and retrieval of information\r\nThe box can be opened mechanically to allow retrieval of medications.'),
(440, 61, 'tenacity /t??nas?ti/', 'noun - diligence', 'noun\r\nthe quality or fact of being able to grip something firmly; grip.\r\n\"the sheer tenacity of the limpet\"\r\nSemelhantes:\r\npersistence\r\npertinacity\r\ndetermination\r\nperseverance\r\ndoggedness\r\ntenaciousness\r\nsingle-mindedness\r\nstrength of will\r\nfirmness of purpose\r\nstrength of purpose\r\nfixity of purpose\r\nbulldog spirit\r\ntirelessness\r\nindefatigability\r\nresolution\r\nresoluteness\r\nresolve\r\nfirmness\r\npatience\r\npurposefulness\r\nstaunchness\r\nsteadfastness\r\nconstancy\r\nstaying power\r\napplication\r\ndiligence\r\n'),
(441, 62, 'conceit noun   /k?n?si?t/ US  /k?n?si?t/', ' too proud of yourself and your actions', 'conceit noun (PRIDE)\r\n \r\n[ U ]\r\nthe state of being too proud of yourself and your actions:\r\nThe conceit of that man is incredible!'),
(442, 62, 'flounder verb /?fla?nd?/', 'struggle or stagger clumsily in mud or water.', 'verb\r\nstruggle or stagger clumsily in mud or water.\r\n\"he was floundering about in the shallow offshore waters\"\r\nSemelhantes:\r\nstruggle\r\nthrash\r\nthresh\r\nflail\r\ntoss and turn\r\ntwist and turn\r\npitch\r\nsplash\r\nstagger\r\nstumble\r\nfalter\r\nlurch\r\nblunder\r\nfumble\r\ngrope\r\nsquirm\r\nwrithe\r\nOpostas:\r\nmake good progress\r\nstruggle mentally; show or feel great confusion.\r\n\"she floundered, not knowing quite what to say\"\r\nSemelhantes:\r\nstruggle mentally\r\nbe out of one\'s depth\r\nbe in the dark\r\nhave difficulty\r\nbe c'),
(443, 62, 'pursuant adjective [ after verb ]', '/p??sju?.?nt/', ' /p??sju?.?nt/ US  /p??su?.?nt/\r\n \r\naccording to:\r\nThe fact that a person acted pursuant to an order of his government does not relieve him from responsibility under international law.'),
(444, 63, 'wayward adjective', 'doing only what you want and often changing y', 'doing only what you want and often changing your behaviour in a way that is difficult to control\r\n\r\nUncontrolled'),
(445, 63, 'outstanding adjective', 'exceptionally good.', 'exceptionally good.\r\n\"the team\'s outstanding performance\"\r\nSemelhantes:\r\nexcellent\r\nmarvellous\r\nmagnificent\r\nsuperb\r\nfine\r\nwonderful\r\nsuperlative\r\nexceptional\r\nformidable\r\nfirst-class\r\nfirst-rate\r\nvirtuoso\r\nskilful\r\nmasterful\r\n'),
(446, 63, 'kindred /?k?ndr?d/', 'similar in kind; related.', 'noun\r\none\'s family and relations.\r\nSemelhantes:\r\nfamily\r\nrelatives\r\nrelations\r\nkin\r\nfamily members\r\nconnections\r\nkith and kin\r\none\'s own flesh and blood\r\nclan\r\ntribe\r\nhouse\r\nlineage\r\nfolks\r\npeople\r\nkinsfolk\r\nkinsmen/kinswomen\r\nadjective\r\nsimilar in kind; related.\r\n\"books on kindred subjects\"'),
(447, 63, 'scrumptious /?skr?m(p)??s/', '(of a person) very attractive.', 'adjectiveINFORMAL\r\n(of food) extremely tasty; delicious.\r\n\"a scrumptious chocolate tart\"\r\nSemelhantes:\r\ndelicious\r\ngorgeous\r\ntasty\r\ngood\r\nmouth-watering\r\nappetizing\r\ninviting\r\npalatable\r\ndelectable\r\ndelightful\r\nsucculent\r\nrich\r\nsweet\r\nchoice\r\ndainty\r\nsavoury\r\nflavoursome\r\nflavourful\r\npiquant\r\nluscious\r\ntoothsome\r\ndelish\r\nscrummy\r\nyummy\r\nyum-yum\r\nmoreish\r\npeng\r\nfinger-licking\r\nnummy\r\nambrosial\r\nambrosian\r\nnectareous\r\nnectarean\r\nOpostas:\r\ninedible\r\nunpalatable\r\n(of a person) very attractive.\r\n\"he '),
(448, 64, 'imbue verb', 'inspire or permeate with (a feeling or qualit', 'inspire or permeate with (a feeling or quality).\r\n\"his works are invariably imbued with a sense of calm and serenity\"'),
(449, 65, 'intertwine - verb', 'connect or link (two or more things) ', 'connect or link (two or more things) closely.\r\n\"as with most traditions, fact and fiction have become inextricably intertwined\"\r\n\r\ntwist or twine together.\r\n\"a net made of cotton intertwined with other natural fibres\"'),
(450, 65, 'inquiry /?n?kw??ri/', 'noun - an act of asking for information.', 'noun\r\nan act of asking for information.\r\n\"the police were making inquiries in all the neighbouring pubs\"\r\nSemelhantes:\r\nquestion\r\nquery\r\ninvestigation\r\nexamination\r\nexploration\r\nprobe\r\nsearch\r\nscrutiny\r\nscrutinization\r\nstudy\r\ninspection\r\ninquest\r\nhearing\r\nan official investigation.\r\n\"he was one of the State\'s star witnesses in the murder inquiry\"'),
(451, 65, 'rear /r??/', 'verb gerund or present participle: rearing 1.', 'verb\r\n\r\nREARING \r\n\r\ngerund or present participle: rearing\r\n1.\r\nbring up and care for (a child) until they are fully grown.\r\n\"Nigel was born and reared in Bath\"\r\n\r\nrearing - helping someone grow up to be an accepted member of the community; \"they debated whether nature or nurture was more important\" bringing up, fosterage, fostering, nurture, upbringing, breeding, raising.'),
(452, 65, 'bide /b??d/ ', 'verb - remain or stay somewhere.', 'verb\r\ngerund or present participle: biding\r\nremain or stay somewhere.\r\n\"how long must I bide here to wait for the answer?\"'),
(453, 65, 'hinder /?h?nd?/ verb', 'make it difficult for (someone) to do somethi', 'make it difficult for (someone) to do something or for (something) to happen.\r\n\"language barriers hindered communication between scientists\"');

-- --------------------------------------------------------

--
-- Estrutura da tabela `TB_CONTROLE_LIMPEZA`
--

CREATE TABLE `TB_CONTROLE_LIMPEZA` (
  `id` int(11) NOT NULL,
  `nome_responsavel_limpeza` varchar(9) NOT NULL,
  `ordem` int(11) NOT NULL,
  `flg_notificacao_1` set('0','1') NOT NULL DEFAULT '0',
  `flg_notificacao_2` set('0','1') DEFAULT '0',
  `telefone` varchar(45) DEFAULT NULL,
  `data_ultima_notificacao_1` date NOT NULL,
  `data_ultima_notificacao_2` date NOT NULL
) ENGINE=InnoDB DEFAULT CHARSET=utf8;

--
-- Extraindo dados da tabela `TB_CONTROLE_LIMPEZA`
--

INSERT INTO `TB_CONTROLE_LIMPEZA` (`id`, `nome_responsavel_limpeza`, `ordem`, `flg_notificacao_1`, `flg_notificacao_2`, `telefone`, `data_ultima_notificacao_1`, `data_ultima_notificacao_2`) VALUES
(6, 'Diogo', 1, '1', '1', '5531973606873', '2019-07-09', '2019-07-11'),
(8, 'Tótty', 2, '0', '0', '5531991158619', '2019-05-28', '2019-05-30'),
(9, 'Klínger', 3, '0', '0', '5531973134448', '2019-06-11', '2019-06-13'),
(10, 'Rafaéla', 4, '0', '0', '5531973020246', '2019-06-25', '2019-06-27');

-- --------------------------------------------------------

--
-- Estrutura da tabela `users`
--

CREATE TABLE `users` (
  `id` int(11) NOT NULL,
  `username` varchar(128) DEFAULT NULL,
  `password` varchar(128) DEFAULT NULL,
  `name` varchar(45) DEFAULT NULL,
  `email` varchar(128) DEFAULT NULL,
  `status` set('0','1') DEFAULT '1',
  `telefone` varchar(45) DEFAULT NULL,
  `flg_tipo_usuario` set('adm','common') DEFAULT 'common'
) ENGINE=InnoDB DEFAULT CHARSET=utf8;

--
-- Extraindo dados da tabela `users`
--

INSERT INTO `users` (`id`, `username`, `password`, `name`, `email`, `status`, `telefone`, `flg_tipo_usuario`) VALUES
(752, 'klinger', 'd033c0988ecadad717e6834dde52d4316fad1d85', 'Klinger Vidal', 'klingervidal@gmail.com', '1', '31973134448', 'adm'),
(753, 'claudiana', 'c1748c2e274e2dda8b495a96d3c7041954ed5bf1', 'Claudiana', 'faleiroclaudiana@yahoo.com.br', '1', '', 'common'),
(754, 'aline', '837cee6f8f8740060319d6b9eea5e2c12f3fbc60', 'Aline', 'aline@email.com', '1', '', 'common');

--
-- Índices para tabelas despejadas
--

--
-- Índices para tabela `dias`
--
ALTER TABLE `dias`
  ADD PRIMARY KEY (`id`),
  ADD UNIQUE KEY `cod_dia_UNIQUE` (`id`);

--
-- Índices para tabela `frases`
--
ALTER TABLE `frases`
  ADD PRIMARY KEY (`id`),
  ADD UNIQUE KEY `cod_frase_UNIQUE` (`id`),
  ADD KEY `palavra_id` (`palavra_id`);

--
-- Índices para tabela `palavras`
--
ALTER TABLE `palavras`
  ADD PRIMARY KEY (`id`),
  ADD UNIQUE KEY `cod_palavra_UNIQUE` (`id`);

--
-- Índices para tabela `TB_CONTROLE_LIMPEZA`
--
ALTER TABLE `TB_CONTROLE_LIMPEZA`
  ADD PRIMARY KEY (`id`),
  ADD UNIQUE KEY `id` (`id`);

--
-- Índices para tabela `users`
--
ALTER TABLE `users`
  ADD PRIMARY KEY (`id`),
  ADD UNIQUE KEY `id_UNIQUE` (`id`);

--
-- AUTO_INCREMENT de tabelas despejadas
--

--
-- AUTO_INCREMENT de tabela `dias`
--
ALTER TABLE `dias`
  MODIFY `id` int(11) NOT NULL AUTO_INCREMENT, AUTO_INCREMENT=66;

--
-- AUTO_INCREMENT de tabela `frases`
--
ALTER TABLE `frases`
  MODIFY `id` int(11) NOT NULL AUTO_INCREMENT, AUTO_INCREMENT=325;

--
-- AUTO_INCREMENT de tabela `palavras`
--
ALTER TABLE `palavras`
  MODIFY `id` int(11) NOT NULL AUTO_INCREMENT, AUTO_INCREMENT=454;

--
-- AUTO_INCREMENT de tabela `TB_CONTROLE_LIMPEZA`
--
ALTER TABLE `TB_CONTROLE_LIMPEZA`
  MODIFY `id` int(11) NOT NULL AUTO_INCREMENT, AUTO_INCREMENT=11;

--
-- AUTO_INCREMENT de tabela `users`
--
ALTER TABLE `users`
  MODIFY `id` int(11) NOT NULL AUTO_INCREMENT, AUTO_INCREMENT=755;

--
-- Restrições para despejos de tabelas
--

--
-- Limitadores para a tabela `frases`
--
ALTER TABLE `frases`
  ADD CONSTRAINT `frases_ibfk_1` FOREIGN KEY (`palavra_id`) REFERENCES `palavras` (`id`) ON DELETE CASCADE;
COMMIT;

/*!40101 SET CHARACTER_SET_CLIENT=@OLD_CHARACTER_SET_CLIENT */;
/*!40101 SET CHARACTER_SET_RESULTS=@OLD_CHARACTER_SET_RESULTS */;
/*!40101 SET COLLATION_CONNECTION=@OLD_COLLATION_CONNECTION */;
